timestamp,trade_id,ticker,mode,signal,entry_date,exit_date,original_structure,translated_structure,original_score,adjusted_score,total_boost,matched_rule_ids,rule_count,hold_days,exit_reason,und_return,opt_return,win_flag
2026-03-18T22:41:58.604734,,GLD,CONVEX,LONG,2026-03-01,2026-03-11,LONG_CALL,LONG_CALL,132.79,132.92,0.13,C-MSA-01|C-MSA-04,2,10,TAKE_PROFIT,4.2,132.79,Y
2026-03-18T22:41:58.623806,,SLV,CONVEX,SHORT,2026-03-03,2026-03-05,LONG_PUT,LONG_PUT,41.93,42.06,0.13,C-MSA-01|C-MSA-04,2,2,TAKE_PROFIT,-3.1,41.93,Y
2026-03-18T22:41:58.645119,,IWM,TACTICAL,LONG,2026-03-05,2026-03-07,CALL_SPREAD,CALL_SPREAD,25.93,26.06,0.13,C-MSA-01|C-MSA-04,2,2,MAX_HOLD,1.8,25.93,Y
2026-03-18T22:41:58.661355,,SPY,TACTICAL,LONG,2026-03-08,2026-03-10,CALL_SPREAD,CALL_SPREAD,7.54,7.67,0.13,C-MSA-01|C-MSA-04,2,2,TAKE_PROFIT_1,1.2,7.54,Y
2026-03-18T22:41:58.677884,,SMH,HYBRID,LONG,2026-03-10,2026-03-17,CALL_SPREAD,CALL_SPREAD,,,0,,0,10,TIME_EXIT,-2.1,5.53,Y
2026-03-18T22:41:58.699612,,QQQ,TACTICAL,SHORT,2026-03-12,2026-03-18,PUT_SPREAD,PUT_SPREAD,,,0,,0,10,MAX_HOLD,0.5,3.83,Y
2026-03-18T22:41:58.721199,,SPY,TACTICAL,SHORT,2026-03-14,2026-03-16,PUT_SPREAD,PUT_SPREAD,,,0,,0,2,STOP_LOSS,1.5,-8.2,N
2026-03-18T22:41:58.749304,,IWM,MEAN_REVERSION,LONG,2026-03-15,2026-03-17,LONG_CALL,LONG_CALL,,,0,,0,2,TIME_EXIT,-0.8,-12.5,N
2026-03-18T22:41:58.762214,99,GLD,CONVEX,LONG,2026-03-18,2026-03-18,LONG_CALL,LONG_CALL,132,132.13,0.13,C-MSA-01,1,5,TAKE_PROFIT,,17.65,Y
