timestamp,action,rule_id,ticker,influence_applied,original_score,adjusted_score,notes
2026-03-18T22:02:18.677444,KILL_RULE,C-MSA-03,,0,0,0,Rule killed: Testing kill switch
2026-03-18T22:03:41.800751,KILL_RULE,C-MSA-03,,0,0,0,Rule killed: Test
2026-03-18T22:03:41.823104,REVIVE_RULE,C-MSA-03,,0,0,0,Rule revived: Test done
2026-03-18T22:03:41.852514,RANK_ADJUST,C-MSA-01,GLD,0.030864,132.0,132.030864,verdict=INTERNAL_PASS conf=0.8571
2026-03-18T22:03:41.858566,RANK_ADJUST,C-MSA-02,GLD,0.006173,132.0,132.037037,verdict=INTERNAL_PASS conf=0.8571
2026-03-18T22:03:41.864747,RANK_ADJUST,C-MSA-03,GLD,0.006173,132.0,132.04321,verdict=INTERNAL_PASS conf=0.8571
2026-03-18T22:03:41.871856,RANK_ADJUST,C-MSA-04,GLD,0.015432,132.0,132.058642,verdict=INTERNAL_PASS conf=0.8571
2026-03-18T22:03:41.878677,RANK_ADJUST,C-MSA-06,GLD,0.009259,132.0,132.067901,verdict=INTERNAL_PASS conf=0.8571
2026-03-18T22:03:41.885302,RANK_ADJUST,C-MSA-01,SLV,0.006173,41.93,41.936173,verdict=INTERNAL_PASS conf=0.8571
2026-03-18T22:03:41.891029,RANK_ADJUST,C-MSA-02,SLV,0.030864,41.93,41.967037,verdict=INTERNAL_PASS conf=0.8571
2026-03-18T22:03:41.897646,RANK_ADJUST,C-MSA-03,SLV,0.006173,41.93,41.97321,verdict=INTERNAL_PASS conf=0.8571
2026-03-18T22:03:41.904049,RANK_ADJUST,C-MSA-04,SLV,0.015432,41.93,41.988642,verdict=INTERNAL_PASS conf=0.8571
2026-03-18T22:03:41.912056,RANK_ADJUST,C-MSA-06,SLV,0.009259,41.93,41.997901,verdict=INTERNAL_PASS conf=0.8571
2026-03-18T22:03:41.919124,RANK_ADJUST,C-MSA-01,SPY,0.030864,7.54,7.570864,verdict=INTERNAL_PASS conf=0.8571
2026-03-18T22:03:41.925075,RANK_ADJUST,C-MSA-02,SPY,0.006173,7.54,7.577037,verdict=INTERNAL_PASS conf=0.8571
2026-03-18T22:03:41.930885,RANK_ADJUST,C-MSA-03,SPY,0.006173,7.54,7.58321,verdict=INTERNAL_PASS conf=0.8571
2026-03-18T22:03:41.937620,RANK_ADJUST,C-MSA-04,SPY,0.015432,7.54,7.598642,verdict=INTERNAL_PASS conf=0.8571
2026-03-18T22:03:41.944502,RANK_ADJUST,C-MSA-06,SPY,0.009259,7.54,7.607901,verdict=INTERNAL_PASS conf=0.8571
2026-03-18T22:03:41.989628,KILL_RULE,C-MSA-01,,0,0,0,Rule killed: Test
2026-03-18T22:03:42.005752,KILL_RULE,C-MSA-02,,0,0,0,Rule killed: Test
2026-03-18T22:03:42.020149,KILL_RULE,C-MSA-03,,0,0,0,Rule killed: Test
2026-03-18T22:03:42.034126,KILL_RULE,C-MSA-04,,0,0,0,Rule killed: Test
2026-03-18T22:03:42.049718,KILL_RULE,C-MSA-06,,0,0,0,Rule killed: Test
2026-03-18T22:03:42.062640,KILL_ALL,,,0,0,0,Emergency: 5 rules killed. Reason: Test
2026-03-18T22:03:42.092582,REVIVE_RULE,C-MSA-03,,0,0,0,Rule revived: 
2026-03-18T22:03:42.108050,REVIVE_RULE,C-MSA-01,,0,0,0,Rule revived: 
2026-03-18T22:03:42.124841,REVIVE_RULE,C-MSA-02,,0,0,0,Rule revived: 
2026-03-18T22:03:42.141950,REVIVE_RULE,C-MSA-04,,0,0,0,Rule revived: 
2026-03-18T22:03:42.158284,REVIVE_RULE,C-MSA-06,,0,0,0,Rule revived: 
2026-03-18T22:03:57.277120,KILL_RULE,C-MSA-01,,0,0,0,Rule killed: API test
2026-03-18T22:03:57.291023,REVIVE_RULE,C-MSA-01,,0,0,0,Rule revived: test done
2026-03-18T22:04:02.074551,RANK_ADJUST,C-MSA-01,SPY,0.030864,7.5426,7.573464,verdict=INTERNAL_PASS conf=0.8571
2026-03-18T22:04:02.080442,RANK_ADJUST,C-MSA-02,SPY,0.006173,7.5426,7.579637,verdict=INTERNAL_PASS conf=0.8571
2026-03-18T22:04:02.086133,RANK_ADJUST,C-MSA-03,SPY,0.006173,7.5426,7.58581,verdict=INTERNAL_PASS conf=0.8571
2026-03-18T22:04:02.091277,RANK_ADJUST,C-MSA-04,SPY,0.015432,7.5426,7.601242,verdict=INTERNAL_PASS conf=0.8571
2026-03-18T22:04:02.097079,RANK_ADJUST,C-MSA-06,SPY,0.009259,7.5426,7.610501,verdict=INTERNAL_PASS conf=0.8571
